{"ads_rf": {"current_cgpa": 0.0013173471746302922, "education_level": 0.00013146892902932608, "study_style": 0.00014101614295067516, "parent_education": 8.975271134248319e-05, "screen_time": 0.00032824041842716145, "sleep_time": 0.0002772072412067207, "study_efficiency": 0.0004074368178106303, "overall_attendance": 0.0015567846857541226, "overall_interest": 0.000983134691195424, "ads_marks": 0.6898614505818881, "ads_attendance": 0.053532502538785796, "ads_interest": 0.040904906604915664, "ads_assignments": 0.054811694017940435, "ads_quizzes": 0.11432606610613293, "ads_participation": 0.03264814057477174, "ds_marks": 0.0004093819732668731, "ds_attendance": 0.00046824516909230575, "ds_interest": 0.0002945941324707911, "ds_assignments": 0.0003497508736577721, "ds_quizzes": 0.0004271492797054685, "ds_participation": 0.0004982179286324294, "am_marks": 0.0003785135369397749, "am_attendance": 0.0003856437835273883, "am_interest": 0.0003656796653712727, "am_assignments": 0.0003505714965739992, "am_quizzes": 0.00032295372499165835, "am_participation": 0.0004363078624171705, "java_marks": 0.00028524353374272327, "java_attendance": 0.0004233618639091269, "java_interest": 0.00020346943931415752, "java_assignments": 0.0004714161855182187, "java_quizzes": 0.00037176802459288927, "java_participation": 0.0004869383166179316, "dbms_marks": 0.00024534236766145213, "dbms_attendance": 0.0003884325976180441, "dbms_interest": 0.00024800844930342045, "dbms_assignments": 0.0003049195287116295, "dbms_quizzes": 0.00025037588148579506, "dbms_participation": 0.00031656514809617214}, "ads_xgb": {"current_cgpa": 0.0053056529723107815, "education_level": 0.0013888240791857243, "study_style": 0.0023763321805745363, "parent_education": 0.0024486384354531765, "screen_time": 0.0007018181495368481, "sleep_time": 0.0034946308005601168, "study_efficiency": 0.0018657310865819454, "overall_attendance": 0.024862661957740784, "overall_interest": 0.006992914713919163, "ads_marks": 0.6525067090988159, "ads_attendance": 0.02284672111272812, "ads_interest": 0.03836563974618912, "ads_assignments": 0.01114223338663578, "ads_quizzes": 0.12943051755428314, "ads_participation": 0.042326245456933975, "ds_marks": 0.0010419826721772552, "ds_attendance": 0.0020080371759831905, "ds_interest": 0.0012610425474122167, "ds_assignments": 0.002212970517575741, "ds_quizzes": 0.00135065580252558, "ds_participation": 0.002344003412872553, "am_marks": 0.003482117084786296, "am_attendance": 0.001534933689981699, "am_interest": 0.00161551998462528, "am_assignments": 0.003887763014063239, "am_quizzes": 0.0011349928099662066, "am_participation": 0.002111428417265415, "java_marks": 0.0009092488908208907, "java_attendance": 0.0036283521912992, "java_interest": 0.008585616946220398, "java_assignments": 0.0016774629475548863, "java_quizzes": 0.002421193988993764, "java_participation": 0.0025458242744207382, "dbms_marks": 0.001410380587913096, "dbms_attendance": 0.0027759899385273457, "dbms_interest": 0.0016870371764525771, "dbms_assignments": 0.0013450904516503215, "dbms_quizzes": 0.0017819528002291918, "dbms_participation": 0.0011913833441212773}, "ads_lgb": {"current_cgpa": 316.0, "education_level": 61.0, "study_style": 93.0, "parent_education": 26.0, "screen_time": 183.0, "sleep_time": 124.0, "study_efficiency": 262.0, "overall_attendance": 222.0, "overall_interest": 184.0, "ads_marks": 1728.0, "ads_attendance": 2306.0, "ads_interest": 1459.0, "ads_assignments": 1375.0, "ads_quizzes": 1289.0, "ads_participation": 1251.0, "ds_marks": 187.0, "ds_attendance": 319.0, "ds_interest": 136.0, "ds_assignments": 341.0, "ds_quizzes": 231.0, "ds_participation": 257.0, "am_marks": 250.0, "am_attendance": 258.0, "am_interest": 196.0, "am_assignments": 253.0, "am_quizzes": 188.0, "am_participation": 257.0, "java_marks": 264.0, "java_attendance": 251.0, "java_interest": 41.0, "java_assignments": 259.0, "java_quizzes": 266.0, "java_participation": 303.0, "dbms_marks": 193.0, "dbms_attendance": 269.0, "dbms_interest": 151.0, "dbms_assignments": 226.0, "dbms_quizzes": 220.0, "dbms_participation": 182.0}, "ds_rf": {"current_cgpa": 0.0028964955670865034, "education_level": 0.000327809437967304, "study_style": 0.0003205779722332756, "parent_education": 0.00034720814061493566, "screen_time": 0.0007041273879644716, "sleep_time": 0.000790584013998179, "study_efficiency": 0.000698089100862258, "overall_attendance": 0.003403604904541479, "overall_interest": 0.0019254482263401545, "ads_marks": 0.0006774451496105355, "ads_attendance": 0.000820713197589869, "ads_interest": 0.0003953275863381119, "ads_assignments": 0.000623317715027183, "ads_quizzes": 0.00075003799737171, "ads_participation": 0.0009005128231497996, "ds_marks": 0.5384244239656238, "ds_attendance": 0.04309652168199957, "ds_interest": 0.07025946466746236, "ds_assignments": 0.11332205349037579, "ds_quizzes": 0.15287196695574667, "ds_participation": 0.05281581815654315, "am_marks": 0.0005788345065336664, "am_attendance": 0.0006811946555514423, "am_interest": 0.0005186594441208875, "am_assignments": 0.0008311196967493311, "am_quizzes": 0.0009138370940806654, "am_participation": 0.0008362501434293856, "java_marks": 0.000752918437921601, "java_attendance": 0.0009001268665681159, "java_interest": 0.0003145954667962165, "java_assignments": 0.0007722724068206196, "java_quizzes": 0.0007382037542351229, "java_participation": 0.0008481127184729896, "dbms_marks": 0.0007520691910828146, "dbms_attendance": 0.0008564164977038425, "dbms_interest": 0.0005877926249548705, "dbms_assignments": 0.0007444641236181785, "dbms_quizzes": 0.0011362791476906423, "dbms_participation": 0.0008653050852223229}, "ds_xgb": {"current_cgpa": 0.026934847235679626, "education_level": 0.0, "study_style": 0.0, "parent_education": 0.0, "screen_time": 0.0, "sleep_time": 0.014100124128162861, "study_efficiency": 0.0, "overall_attendance": 0.0, "overall_interest": 0.023645158857107162, "ads_marks": 0.0, "ads_attendance": 0.0, "ads_interest": 0.0, "ads_assignments": 0.0, "ads_quizzes": 0.0, "ads_participation": 0.0, "ds_marks": 0.3822333812713623, "ds_attendance": 0.03594377264380455, "ds_interest": 0.048287395387887955, "ds_assignments": 0.1366104781627655, "ds_quizzes": 0.24484895169734955, "ds_participation": 0.07290979474782944, "am_marks": 0.014486008323729038, "am_attendance": 0.0, "am_interest": 0.0, "am_assignments": 0.0, "am_quizzes": 0.0, "am_participation": 0.0, "java_marks": 0.0, "java_attendance": 0.0, "java_interest": 0.0, "java_assignments": 0.0, "java_quizzes": 0.0, "java_participation": 0.0, "dbms_marks": 0.0, "dbms_attendance": 0.0, "dbms_interest": 0.0, "dbms_assignments": 0.0, "dbms_quizzes": 0.0, "dbms_participation": 0.0}, "ds_lgb": {"current_cgpa": 58.0, "education_level": 38.0, "study_style": 36.0, "parent_education": 18.0, "screen_time": 53.0, "sleep_time": 48.0, "study_efficiency": 98.0, "overall_attendance": 74.0, "overall_interest": 102.0, "ads_marks": 74.0, "ads_attendance": 76.0, "ads_interest": 27.0, "ads_assignments": 84.0, "ads_quizzes": 91.0, "ads_participation": 83.0, "ds_marks": 182.0, "ds_attendance": 236.0, "ds_interest": 174.0, "ds_assignments": 122.0, "ds_quizzes": 119.0, "ds_participation": 121.0, "am_marks": 85.0, "am_attendance": 79.0, "am_interest": 104.0, "am_assignments": 99.0, "am_quizzes": 81.0, "am_participation": 97.0, "java_marks": 38.0, "java_attendance": 92.0, "java_interest": 21.0, "java_assignments": 62.0, "java_quizzes": 88.0, "java_participation": 69.0, "dbms_marks": 36.0, "dbms_attendance": 103.0, "dbms_interest": 43.0, "dbms_assignments": 89.0, "dbms_quizzes": 76.0, "dbms_participation": 118.0}, "am_rf": {"current_cgpa": 0.0021472169302303758, "education_level": 0.00023520816184185336, "study_style": 0.00024004517157124585, "parent_education": 0.00021712113680644697, "screen_time": 0.0004594593032753055, "sleep_time": 0.00041409591314017384, "study_efficiency": 0.0006160438035864369, "overall_attendance": 0.002357512211455625, "overall_interest": 0.003618115603262449,